Iteration,Trial,System,Entropy
1,1,Codex,1.2996714153011233
1,1,Symbolic,1.661141305703797
1,1,Gzip,2.0599033154879005
1,2,Codex,1.2361735698828815
1,2,Symbolic,1.7791299968564158
1,2,Gzip,1.9886950524369154
1,3,Codex,1.3147688538100692
1,3,Symbolic,1.3821718911417031
1,3,Gzip,1.8589445554880262
1,4,Codex,1.4023029856408025
1,4,Symbolic,1.6175563084028686
1,4,Gzip,1.752959483344164
1,5,Codex,1.2265846625276664
1,5,Symbolic,1.4719228917053808
1,5,Gzip,1.9547334970420385
1,6,Codex,1.226586304305082
1,6,Symbolic,1.4915449539482366
1,6,Gzip,1.9090228078132625
1,7,Codex,1.4079212815507391
1,7,Symbolic,1.4789127290913358
1,7,Gzip,1.9842789830041598
1,8,Codex,1.326743472915291
1,8,Symbolic,1.4463211076384221
1,8,Gzip,1.9452757702522956
1,9,Codex,1.2030525614065049
1,9,Symbolic,1.5558225953533793
1,9,Gzip,2.0074329072979005
1,10,Codex,1.3042560043585965
1,10,Symbolic,1.4502859860306756
1,10,Gzip,1.769714718265915
1,11,Codex,1.2036582307187538
1,11,Symbolic,1.5824548190935808
1,11,Gzip,2.047609109845149
1,12,Codex,1.2034270246429744
1,12,Symbolic,1.5439714268661036
1,12,Gzip,1.87963994070386
1,13,Codex,1.2741962271566034
1,13,Symbolic,1.521326234376031
1,13,Gzip,2.16128913089379
1,14,Codex,1.0586719755342202
1,14,Symbolic,1.4410923605550083
1,14,Gzip,1.746621827286565
1,15,Codex,1.0775082167486967
1,15,Symbolic,1.4807874403318002
1,15,Gzip,2.1103945704747873
1,16,Codex,1.1937712470759028
1,16,Symbolic,1.6406469470990908
1,16,Gzip,1.8796866175193974
1,17,Codex,1.1487168879665577
1,17,Symbolic,1.6101100625149258
1,17,Gzip,1.752287299457833
1,18,Codex,1.2814247332595274
1,18,Symbolic,1.432693370624174
1,18,Gzip,1.7774171248918518
1,19,Codex,1.159197592447879
1,19,Symbolic,1.5619198766515072
1,19,Gzip,1.8019479037708521
1,20,Codex,1.1087696298664709
1,20,Symbolic,1.6401664548046146
1,20,Gzip,1.9136248919602876
1,21,Codex,1.3965648768921555
1,21,Symbolic,1.3496713662654354
1,21,Gzip,1.928425323205325
1,22,Codex,1.2274223699513465
1,22,Symbolic,1.6152032230855922
1,22,Gzip,1.7639449994092133
1,23,Codex,1.2567528204687923
1,23,Symbolic,1.4704851489264985
1,23,Gzip,1.8463468111608528
1,24,Codex,1.1075251813786544
1,24,Symbolic,1.618471840231179
1,24,Gzip,2.17134055379178
1,25,Codex,1.1955617275474817
1,25,Symbolic,1.458408901214898
1,25,Gzip,2.109131475515107
1,26,Codex,1.2610922589709865
1,26,Symbolic,1.3334141479202577
1,26,Gzip,1.915448550451105
1,27,Codex,1.1349006422577697
1,27,Symbolic,1.3546949074540204
1,27,Gzip,1.85570052172523
1,28,Codex,1.2875698018345672
1,28,Symbolic,1.555770193599366
1,28,Gzip,1.8680046990077392
1,29,Codex,1.1899361310081196
1,29,Symbolic,1.581166700206578
1,29,Gzip,1.9420276959095626
1,30,Codex,1.2208306250206724
1,30,Symbolic,1.441482004987471
1,30,Gzip,1.6965811152202392
1,31,Codex,1.1898293387770602
1,31,Symbolic,1.626631095053285
1,31,Gzip,1.8113935193864983
1,32,Codex,1.4352278184508938
1,32,Symbolic,1.3506175925277248
1,32,Gzip,1.5997123889183618
1,33,Codex,1.2486502775262065
1,33,Symbolic,1.542070424162322
1,33,Gzip,1.909883468390792
1,34,Codex,1.14422890710441
1,34,Symbolic,1.4046780560285053
1,34,Gzip,1.9470793909554112
1,35,Codex,1.332254491210319
1,35,Symbolic,1.4717796670637409
1,35,Gzip,1.777522030655094
1,36,Codex,1.1279156350028978
1,36,Symbolic,1.5556878405579697
1,36,Gzip,2.086098014493505
1,37,Codex,1.2708863595004756
1,37,Symbolic,1.4467503961659258
1,37,Gzip,1.666135150549649
1,38,Codex,1.0540329876120225
1,38,Symbolic,1.503853334692421
1,38,Gzip,1.630343767968527
1,39,Codex,1.117181395110157
1,39,Symbolic,1.670755137105733
1,39,Gzip,1.8836677727839959
1,40,Codex,1.2696861235869124
1,40,Symbolic,1.480772975657222
1,40,Gzip,2.007064745391823
1,41,Codex,1.3238466579995412
1,41,Symbolic,1.650283053447817
1,41,Gzip,2.1025891537186805
1,42,Codex,1.267136828118997
1,42,Symbolic,1.414435177441086
1,42,Gzip,1.7811673605696592
1,43,Codex,1.238435171761176
1,43,Symbolic,1.613576501349834
1,43,Gzip,2.0118021250146945
1,44,Codex,1.2198896304410711
1,44,Symbolic,1.722988234478948
1,44,Gzip,1.844223729574894
1,45,Codex,1.1021478009632573
1,45,Symbolic,1.2534026599847254
1,45,Gzip,1.824105905008877
1,46,Codex,1.1780155791605291
1,46,Symbolic,1.4543725693435428
1,46,Gzip,1.982548990623001
1,47,Codex,1.2039361229040213
1,47,Symbolic,1.6192486552616647
1,47,Gzip,1.947848431762013
1,48,Codex,1.3557122226218916
1,48,Symbolic,1.525634553674841
1,48,Gzip,1.6135411764523626
1,49,Codex,1.2843618289568461
1,49,Symbolic,1.5945375048045571
1,49,Gzip,2.0714810524588843
1,50,Codex,1.0736959844637266
1,50,Symbolic,1.4775217775941016
1,50,Gzip,2.057013703122118
2,1,Codex,1.2824083969394795
2,1,Symbolic,1.560390774496748
2,1,Gzip,1.7561655947735706
2,2,Codex,1.2114917719583684
2,2,Symbolic,1.5313187317529504
2,2,Gzip,1.9093705300156114
2,3,Codex,1.182307799969404
2,3,Symbolic,1.690133847399177
2,3,Gzip,1.924104527942411
2,4,Codex,1.3111676288840868
2,4,Symbolic,1.5805305011961457
2,4,Gzip,1.8891010648735862
2,5,Codex,1.353099952249595
2,5,Symbolic,1.5905123194490243
2,5,Gzip,1.767454226923187
2,6,Codex,1.3431280119116198
2,6,Symbolic,1.500574764065304
2,6,Gzip,1.7492564948092924
2,7,Codex,1.166078247677736
2,7,Symbolic,1.4914872531113008
2,7,Gzip,1.8461668893512833
2,8,Codex,1.2190787624148784
2,8,Symbolic,1.4980930174616456
2,8,Gzip,2.0259093528889047
2,9,Codex,1.2831263431403563
2,9,Symbolic,1.5973342570853957
2,9,Gzip,1.9315400231891648
2,10,Codex,1.347554512712236
2,10,Symbolic,1.4994818623015684
2,10,Gzip,1.7944078501870842
2,11,Codex,1.202082576215471
2,11,Symbolic,1.5847729828275696
2,11,Gzip,1.9657548065972519
2,12,Codex,1.2314341023336184
2,12,Symbolic,1.7990480958374526
2,12,Gzip,1.4227186069054887
2,13,Codex,1.139366502599397
2,13,Symbolic,1.654534964411803
2,13,Gzip,2.0223148550558157
2,14,Codex,1.1303793375919329
2,14,Symbolic,1.5108771761398592
2,14,Gzip,1.5890429331832852
2,15,Codex,1.33125258223942
2,15,Symbolic,1.6941456706596734
2,15,Gzip,1.7956338587895302
2,16,Codex,1.3856240028570823
2,16,Symbolic,1.501030955237414
2,16,Gzip,1.6820495158060784
2,17,Codex,1.2427989878419665
2,17,Symbolic,1.3054250557786575
2,17,Gzip,1.6557977786418643
2,18,Codex,1.3503532897892023
2,18,Symbolic,1.4290296426899116
2,18,Gzip,2.024124018106778
2,19,Codex,1.2861636025047634
2,19,Symbolic,1.3255049694768974
2,19,Gzip,1.7798448198032164
2,20,Codex,1.1854880245394877
2,20,Symbolic,1.507818381915043
2,20,Gzip,1.9019755822596074
2,21,Codex,1.2861395605508414
2,21,Symbolic,1.5522102055027462
2,21,Gzip,1.8429619131681225
2,22,Codex,1.403803656646597
2,22,Symbolic,1.751172477473034
2,22,Gzip,1.9215561240834682
2,23,Codex,1.2464173960890048
2,23,Symbolic,1.5892312848516996
2,23,Gzip,1.8615232836590383
2,24,Codex,1.4064643655814006
2,24,Symbolic,1.5237079365429362
2,24,Gzip,1.6575511663717146
2,25,Codex,0.9880254895910255
2,25,Symbolic,1.6495286697420188
2,25,Gzip,1.999440022917071
2,26,Codex,1.3321902504375225
2,26,Symbolic,1.2846637629190538
2,26,Gzip,1.7759365125258033
2,27,Codex,1.258704706823817
2,27,Symbolic,1.578273746973028
2,27,Gzip,1.6165127152010375
2,28,Codex,1.2200992649534133
2,28,Symbolic,1.642503823266436
2,28,Gzip,1.785782725855113
2,29,Codex,1.2591760776535503
2,29,Symbolic,1.372569650506419
2,29,Gzip,2.0751139685951467
2,30,Codex,1.0512431085399108
2,30,Symbolic,1.6872504851848316
2,30,Gzip,1.977533261317024
2,31,Codex,1.2280328112162489
2,31,Symbolic,1.5906195688993296
2,31,Gzip,1.7977021798388213
2,32,Codex,1.2857112571511746
2,32,Symbolic,1.500165450331904
2,32,Gzip,1.7976113443522357
2,33,Codex,1.3977894044741517
2,33,Symbolic,1.6259338239327543
2,33,Gzip,1.8017547423173927
2,34,Codex,1.1981729781726354
2,34,Symbolic,1.8224831429365276
2,34,Gzip,2.161512197534126
2,35,Codex,1.1691506397106812
2,35,Symbolic,1.5718239506070195
2,35,Gzip,1.9072903178347331
2,36,Codex,1.1998242956415464
2,36,Symbolic,1.5797864703560405
2,36,Gzip,1.9145062470786605
2,37,Codex,1.3415402117702073
2,37,Symbolic,1.4948766920551708
2,37,Gzip,2.0045425181047762
2,38,Codex,1.2828751109659684
2,38,Symbolic,1.448018675664225
2,38,Gzip,1.885818373853977
2,39,Codex,1.1970239796232962
2,39,Symbolic,1.6496402979853095
2,39,Gzip,1.8111436781268946
2,40,Codex,1.3013267433113356
2,40,Symbolic,1.447269940890936
2,40,Gzip,1.8205475226372534
2,41,Codex,1.2597077549348041
2,41,Symbolic,1.5585879484663272
2,41,Gzip,1.8392598110878906
2,42,Codex,1.346864499053289
2,42,Symbolic,1.492681106388186
2,42,Gzip,1.8444166645235238
2,43,Codex,1.1797946906122647
2,43,Symbolic,1.607477579089567
2,43,Gzip,1.959144431545547
2,44,Codex,1.217233785340223
2,44,Symbolic,1.590039452634434
2,44,Gzip,1.857791882871095
2,45,Codex,1.2107891846867842
2,45,Symbolic,1.674504793310948
2,45,Gzip,1.959896011582337
2,46,Codex,1.1036485051867881
2,46,Symbolic,1.4887980321374303
2,46,Gzip,1.8378925129837127
2,47,Codex,1.2796120277064575
2,47,Symbolic,1.5176150077647954
2,47,Gzip,1.8617952785474137
2,48,Codex,1.2761055272179889
2,48,Symbolic,1.4325483541061232
2,48,Gzip,1.550269897320184
2,49,Codex,1.250511345664246
2,49,Symbolic,1.4966848087908666
2,49,Gzip,1.9874491512053722
2,50,Codex,1.2265412866624854
2,50,Symbolic,1.5952760591653823
2,50,Gzip,1.901973271384699
3,1,Codex,1.1084629257949585
3,1,Symbolic,1.6408386339974423
3,1,Gzip,1.999701516478948
3,2,Codex,1.2079354677234642
3,2,Symbolic,1.439340161098685
3,2,Gzip,1.4155616932709467
3,3,Codex,1.215728548347323
3,3,Symbolic,1.6543527104126792
3,3,Gzip,2.163256205717109
3,4,Codex,1.1697722730778382
3,4,Symbolic,1.7126765430565942
3,4,Gzip,1.829061555776724
3,5,Codex,1.2338714288333992
3,5,Symbolic,1.5996121883868442
3,5,Gzip,2.0162274225106276
3,6,Codex,1.2904050856814537
3,6,Symbolic,1.7752154975069678
3,6,Gzip,1.6940141109311704
3,7,Codex,1.438618590121053
3,7,Symbolic,1.4571452961075713
3,7,Gzip,1.9419160857593856
3,8,Codex,1.267457781283184
3,8,Symbolic,1.40064143560263
3,8,Gzip,1.6919876655239516
3,9,Codex,1.2757550390722765
3,9,Symbolic,1.3365535701314866
3,9,Gzip,1.7564346558956294
3,10,Codex,1.2425554084233832
3,10,Symbolic,1.729525317378702
3,10,Gzip,2.137104703080018
3,11,Codex,1.0581228784700958
3,11,Symbolic,1.628523878762487
3,11,Gzip,1.821397639885498
3,12,Codex,1.2473486124550783
3,12,Symbolic,1.5433298394907455
3,12,Gzip,1.8826149309769584
3,13,Codex,1.2560230209941026
3,13,Symbolic,1.5835962351583786
3,13,Gzip,1.9805101596033132
3,14,Codex,1.4963242112485287
3,14,Symbolic,1.414941314324195
3,14,Gzip,1.9243522831958908
3,15,Codex,1.2307639035218878
3,15,Symbolic,1.8434902375540192
3,15,Gzip,1.8725628357715365
3,16,Codex,1.2801547342333612
3,16,Symbolic,1.5655065418370273
3,16,Gzip,1.9047441503699338
3,17,Codex,1.2465288230294758
3,17,Symbolic,1.5631273753525872
3,17,Gzip,2.210512337785741
3,18,Codex,1.1331321962380467
3,18,Symbolic,1.637091994867843
3,18,Gzip,1.8413571804449622
3,19,Codex,1.364282281451502
3,19,Symbolic,1.6077211078084057
3,19,Gzip,1.8801648570072451
3,20,Codex,1.3251933032686773
3,20,Symbolic,1.5768660829134957
3,20,Gzip,2.007598159401142
3,21,Codex,1.3291031947043046
3,21,Symbolic,1.4551430653465627
3,21,Gzip,2.015828889943698
3,22,Codex,1.159061254520526
3,22,Symbolic,1.6065762028563195
3,22,Gzip,2.028054545834057
3,23,Codex,1.39027943109361
3,23,Symbolic,1.7758429395770041
3,23,Gzip,1.9458095333043777
3,24,Codex,1.109814893720772
3,24,Symbolic,1.7114504055385973
3,24,Gzip,1.6785492630904275
3,25,Codex,1.308685709380027
3,25,Symbolic,1.7411823951967276
3,25,Gzip,2.0950147298451647
3,26,Codex,1.469045562580998
3,26,Symbolic,1.4886541188282578
3,26,Gzip,1.678048191047197
3,27,Codex,1.1509463674869311
3,27,Symbolic,1.4312474215689703
3,27,Gzip,1.895395319785855
3,28,Codex,1.1933702270397228
3,28,Symbolic,1.5349055695880423
3,28,Gzip,1.7368586224970963
3,29,Codex,1.259965136508764
3,29,Symbolic,1.5566869894746433
3,29,Gzip,1.8403792480110512
3,30,Codex,1.1996524345883801
3,30,Symbolic,1.681302982216514
3,30,Gzip,1.8993143615455221
3,31,Codex,1.0949336568933867
3,31,Symbolic,1.3469042444342216
3,31,Gzip,1.898203582317541
3,32,Codex,1.2568562974806028
3,32,Symbolic,1.7335460383352737
3,32,Gzip,1.9132881131352928
3,33,Codex,1.1437696286273895
3,33,Symbolic,1.5310390521705213
3,33,Gzip,2.092056690358797
3,34,Codex,1.2973592430635181
3,34,Symbolic,1.4987742716063097
3,34,Gzip,1.9180301452270971
3,35,Codex,1.1580575765766197
3,35,Symbolic,1.4285474749687799
3,35,Gzip,1.8133765047064028
3,36,Codex,1.404993440501754
3,36,Symbolic,1.3514171993761077
3,36,Gzip,1.9946130752432536
3,37,Codex,1.1716746707663763
3,37,Symbolic,1.6487804700754298
3,37,Gzip,2.028420573338696
3,38,Codex,1.2177938483794324
3,38,Symbolic,1.5587981560626085
3,38,Gzip,1.6658588277294513
3,39,Codex,1.331351721736967
3,39,Symbolic,1.3952046920310737
3,39,Gzip,1.9396100104774787
3,40,Codex,1.1269135683566045
3,40,Symbolic,1.394590547352366
3,40,Gzip,1.955175911346635
3,41,Codex,1.2727459934604128
3,41,Symbolic,1.5097058360851847
3,41,Gzip,1.8053654744960013
3,42,Codex,1.3807142754282429
3,42,Symbolic,1.7502825830347273
3,42,Gzip,2.056356021996743
3,43,Codex,1.0892516765438773
3,43,Symbolic,1.5188490378363675
3,43,Gzip,1.8274916619451211
3,44,Codex,1.2684633858532304
3,44,Symbolic,1.3696228456258273
3,44,Gzip,1.8688364680207314
3,45,Codex,1.2759882794248423
3,45,Symbolic,1.5205108323096868
3,45,Gzip,1.8240392263574197
3,46,Codex,1.3281822871777311
3,46,Symbolic,1.5172731716302796
3,46,Gzip,1.8523368571372203
3,47,Codex,1.1263049289121918
3,47,Symbolic,1.2263736028470116
3,47,Gzip,1.68555873696572
3,48,Codex,1.1179543386915725
3,48,Symbolic,1.5434846160178626
3,48,Gzip,1.6339923676108559
3,49,Codex,1.3021941565616897
3,49,Symbolic,1.5222878563749587
3,49,Gzip,2.089175759483746
3,50,Codex,1.2796984673233187
3,50,Symbolic,1.6335447637776102
3,50,Gzip,1.722955797752251
4,1,Codex,1.2750492850345876
4,1,Symbolic,1.7718747313934415
4,1,Gzip,1.701291147581554
4,2,Codex,1.2846448209496977
4,2,Symbolic,1.6851878035457308
4,2,Gzip,1.5269914829594429
4,3,Codex,1.1819975278421508
4,3,Symbolic,1.5177333571334204
4,3,Gzip,1.7541557378465749
4,4,Codex,1.2732253697161005
4,4,Symbolic,1.4172168909509997
4,4,Gzip,1.6515365309888754
4,5,Codex,1.2793072473298681
4,5,Symbolic,1.8588031763899833
4,5,Gzip,2.0963022740204553
4,6,Codex,1.1785648581973631
4,6,Symbolic,1.5571062120817387
4,6,Gzip,2.001472563401395
4,7,Codex,1.4365774511144758
4,7,Symbolic,1.5516715150295537
4,7,Gzip,1.7467774482233416
4,8,Codex,1.2973832920911788
4,8,Symbolic,1.5471049895467996
4,8,Gzip,2.1878653708016462
4,9,Codex,1.130869650279735
4,9,Symbolic,1.5737701712921426
4,9,Gzip,1.9972648230487393
4,10,Codex,1.315655360863383
4,10,Symbolic,1.532676750569127
4,10,Gzip,1.8012752924737068
4,11,Codex,1.1525318329772678
4,11,Symbolic,1.4811605591743717
4,11,Gzip,1.475089142768964
4,12,Codex,1.3287084603742452
4,12,Symbolic,1.4843769270511529
4,12,Gzip,2.1936413858886112
4,13,Codex,1.3658595579007404
4,13,Symbolic,1.5460696075740803
4,13,Gzip,1.6415641299854606
4,14,Codex,1.167931768164829
4,14,Symbolic,1.4847890274639481
4,14,Gzip,1.6031901879564663
4,15,Codex,1.3463376129244322
4,15,Symbolic,1.4644585060787403
4,15,Gzip,2.0033855648014463
4,16,Codex,1.2912780926936498
4,16,Symbolic,1.5627716273230277
4,16,Gzip,2.2159628609508912
4,17,Codex,1.332206015999449
4,17,Symbolic,1.5194027339094973
4,17,Gzip,2.057640922776578
4,18,Codex,1.4396792982653948
4,18,Symbolic,1.7304791586299226
4,18,Gzip,1.934586368007854
4,19,Codex,1.2254611883997129
4,19,Symbolic,1.2318836229928385
4,19,Gzip,1.939213151249793
4,20,Codex,1.174626383564251
4,20,Symbolic,1.6809808222306954
4,20,Gzip,1.9780123338170463
4,21,Codex,1.1610485570374476
4,21,Symbolic,1.6995302230997156
4,21,Gzip,1.963839288468015
4,22,Codex,1.168418971503456
4,22,Symbolic,1.3011931721110221
4,22,Gzip,1.8921787135954065
4,23,Codex,1.2422898290585895
4,23,Symbolic,1.5088774887103582
4,23,Gzip,1.8656301655927816
4,24,Codex,1.2841151974816645
4,24,Symbolic,1.5054270960805052
4,24,Gzip,1.8406110308150718
4,25,Codex,1.277669079933002
4,25,Symbolic,1.3810985966338616
4,25,Gzip,1.7369053116699986
4,26,Codex,1.3327183249036023
4,26,Symbolic,1.456661997489095
4,26,Gzip,1.807898738469984
4,27,Codex,1.2513001891877906
4,27,Symbolic,1.4167308985441005
4,27,Gzip,1.5960564778706923
4,28,Codex,1.3953534077157317
4,28,Symbolic,1.7602724532108347
4,28,Gzip,1.8352490559807877
4,29,Codex,1.2235343166762045
4,29,Symbolic,1.6622814071776955
4,29,Gzip,1.7017113339273624
4,30,Codex,1.5220169166589619
4,30,Symbolic,1.7025866113992991
4,30,Gzip,1.6844616024176344
4,31,Codex,1.3125667347765007
4,31,Symbolic,1.6366006476851882
4,31,Gzip,1.876984122673022
4,32,Codex,1.1642842443583716
4,32,Symbolic,1.4145137874539326
4,32,Gzip,2.05880034295169
4,33,Codex,1.1429107501938889
4,33,Symbolic,1.4870575680464273
4,33,Gzip,1.987747490900347
4,34,Codex,1.2982472415243185
4,34,Symbolic,1.6087249473473502
4,34,Gzip,1.6144249094565235
4,35,Codex,1.2276537214674148
4,35,Symbolic,1.4033446629329667
4,35,Gzip,1.7015557795144494
4,36,Codex,1.3214000494092093
4,36,Symbolic,1.6355598116206866
4,36,Gzip,1.9911156781982324
4,37,Codex,1.2973237624573546
4,37,Symbolic,1.5211609522210239
4,37,Gzip,1.7026268909692537
4,38,Codex,1.2427171087343127
4,38,Symbolic,1.5050215030940484
4,38,Gzip,1.8163050275004464
4,39,Codex,1.1653206281931594
4,39,Symbolic,1.635315196184419
4,39,Gzip,1.932507814853683
4,40,Codex,1.0985152775314135
4,40,Symbolic,1.6033115973783247
4,40,Gzip,1.7047483317704548
4,41,Codex,1.205348504793298
4,41,Symbolic,1.5066840601017104
4,41,Gzip,1.865806325921894
4,42,Codex,1.3356398794323472
4,42,Symbolic,1.68911957640371
4,42,Gzip,1.6498961757622694
4,43,Codex,1.2714093744130204
4,43,Symbolic,1.4202724006880123
4,43,Gzip,1.759794853407318
4,44,Codex,1.125426122128801
4,44,Symbolic,1.6239122728333117
4,44,Gzip,1.8979672901213807
4,45,Codex,1.2673180925851182
4,45,Symbolic,1.621172150956206
4,45,Gzip,1.6110509399702497
4,46,Codex,1.2885317379728838
4,46,Symbolic,1.5128544272823212
4,46,Gzip,1.9160712106940598
4,47,Codex,1.1616142563798868
4,47,Symbolic,1.5891359626690542
4,47,Gzip,1.8470543301609978
4,48,Codex,1.2653725105945528
4,48,Symbolic,1.3998663708337638
4,48,Gzip,1.9328734931625722
4,49,Codex,1.2558208718446
4,49,Symbolic,1.660883242304828
4,49,Gzip,1.8835871201096992
4,50,Codex,1.1357029702169377
4,50,Symbolic,1.5278117436268415
4,50,Gzip,2.0546210644960765
5,1,Codex,1.2857787360348283
5,1,Symbolic,1.4872732375377153
5,1,Gzip,1.8687836753971863
5,2,Codex,1.3060784526368234
5,2,Symbolic,1.6758811071004267
5,2,Gzip,1.7855891688312122
5,3,Codex,1.3583051243175277
5,3,Symbolic,1.4654787571348689
5,3,Gzip,1.8683446254548426
5,4,Codex,1.3553802052034902
5,4,Symbolic,1.380984644436373
5,4,Gzip,1.9314947043554582
5,5,Codex,1.112233063204291
5,5,Symbolic,1.3632044991771317
5,5,Gzip,1.8573290105488558
5,6,Codex,1.1562174960084877
5,6,Symbolic,1.6227211941614768
5,6,Gzip,1.8560887536805823
5,7,Codex,1.3015035267208659
5,7,Symbolic,1.396348477700446
5,7,Gzip,1.7447012468289869
5,8,Codex,1.301378595091221
5,8,Symbolic,1.7605753018381238
5,8,Gzip,1.7505648623673578
5,9,Codex,1.3015047686306047
5,9,Symbolic,1.3001684710539534
5,9,Gzip,1.639609209230046
5,10,Codex,1.6352731490654722
5,10,Symbolic,1.7535747641948047
5,10,Gzip,2.112436511478041
5,11,Codex,1.3070890510693167
5,11,Symbolic,1.5753220960643142
5,11,Gzip,1.6634205146913073
5,12,Codex,1.3635565640180598
5,12,Symbolic,1.538394426575553
5,12,Gzip,1.746064220330614
5,13,Codex,1.3454001763493202
5,13,Symbolic,1.484609709582926
5,13,Gzip,1.7422389101646205
5,14,Codex,1.3151391251305797
5,14,Symbolic,1.5978963337222485
5,14,Gzip,1.9842386565416663
5,15,Codex,1.2184730755359654
5,15,Symbolic,1.5454838357090181
5,15,Gzip,1.8057575482561958
5,16,Codex,1.3258969220493269
5,16,Symbolic,1.6823962258419827
5,16,Gzip,2.0371613109010602
5,17,Codex,1.1727174785462429
5,17,Symbolic,1.5637073178394447
5,17,Gzip,1.7489764063634199
5,18,Codex,1.2263181393259992
5,18,Symbolic,1.5680362113754254
5,18,Gzip,1.8918491243335704
5,19,Codex,1.2014636452170897
5,19,Symbolic,1.5063665345343373
5,19,Gzip,1.7246979420110364
5,20,Codex,1.2581874139386322
5,20,Symbolic,1.5431665251534719
5,20,Gzip,2.1717723691660082
5,21,Codex,1.4814658566673509
5,21,Symbolic,1.5869362122670472
5,21,Gzip,1.671860237145573
5,22,Codex,1.063273480740825
5,22,Symbolic,1.344779792881205
5,22,Gzip,1.8964731065340543
5,23,Codex,1.3186260190374512
5,23,Symbolic,1.3882177493473145
5,23,Gzip,1.9450665321398148
5,24,Codex,1.0887284128810348
5,24,Symbolic,1.6391916912827258
5,24,Gzip,1.9120698646177248
5,25,Codex,1.2028068134210566
5,25,Symbolic,1.570503852575353
5,25,Gzip,1.8222068511683438
5,26,Codex,1.3588950596967366
5,26,Symbolic,1.5279219996376785
5,26,Gzip,1.8305268950399862
5,27,Codex,1.2564280019095462
5,27,Symbolic,1.5522120719678472
5,27,Gzip,1.8565717207968666
5,28,Codex,1.1422255222070694
5,28,Symbolic,1.5917098046434006
5,28,Gzip,1.8279496997557267
5,29,Codex,1.178469629074003
5,29,Symbolic,1.4852288383628767
5,29,Gzip,1.9945818675192366
5,30,Codex,1.3179597748934675
5,30,Symbolic,1.4566034329517226
5,30,Gzip,2.181578450238703
5,31,Codex,1.1769633368282864
5,31,Symbolic,1.5735014306117219
5,31,Gzip,1.766376232248825
5,32,Codex,1.2716458589581976
5,32,Symbolic,1.4325952666861963
5,32,Gzip,1.6445295530631383
5,33,Codex,1.2545571839903813
5,33,Symbolic,1.5989903306857367
5,33,Gzip,1.836757692747312
5,34,Codex,1.1848399652394184
5,34,Symbolic,1.345689967491459
5,34,Gzip,2.2369564006481477
5,35,Codex,1.4643944089325327
5,35,Symbolic,1.6734986764790774
5,35,Gzip,1.7294488148045404
5,36,Codex,1.313391902231801
5,36,Symbolic,1.6067116978895652
5,36,Gzip,2.0958675208166104
5,37,Codex,1.0474857413342393
5,37,Symbolic,1.5807235681176652
5,37,Gzip,2.1016551221114663
5,38,Codex,1.2686454314769429
5,38,Symbolic,1.6679229180734616
5,38,Gzip,1.7669617637438009
5,39,Codex,1.1838213535231612
5,39,Symbolic,1.7498569333355092
5,39,Gzip,1.9353474618777913
5,40,Codex,1.3352433334796223
5,40,Symbolic,1.6717244078021758
5,40,Gzip,2.0942594934692806
5,41,Codex,1.17074792615673
5,41,Symbolic,1.3290950922402027
5,41,Gzip,1.793130838851877
5,42,Codex,1.2385263558533102
5,42,Symbolic,1.3964507639917159
5,42,Gzip,1.8194629459846459
5,43,Codex,1.3004987278980458
5,43,Symbolic,1.4750217706765185
5,43,Gzip,1.7627478629077036
5,44,Codex,1.3365755194170121
5,44,Symbolic,1.5531309260253001
5,44,Gzip,1.69778649039607
5,45,Codex,1.1299703592944224
5,45,Symbolic,1.6121190824562948
5,45,Gzip,1.752608368240099
5,46,Codex,1.216549876415905
5,46,Symbolic,1.4629107424215841
5,46,Gzip,1.6664089599856615
5,47,Codex,1.2025054688839043
5,47,Symbolic,1.5724120117372495
5,47,Gzip,1.855112520238884
5,48,Codex,1.1846670767426288
5,48,Symbolic,1.4593540481176013
5,48,Gzip,1.734504015341204
5,49,Codex,1.4265454240281097
5,49,Symbolic,1.4766178636409664
5,49,Gzip,1.8850678867686121
5,50,Codex,1.2904981710960957
5,50,Symbolic,1.3812006683782134
5,50,Gzip,1.616615653069456
6,1,Codex,1.1239116045664954
6,1,Symbolic,1.4392120104666914
6,1,Gzip,1.8996320348321687
6,2,Codex,1.3417861947054777
6,2,Symbolic,1.38779784732604
6,2,Gzip,1.9750293442413387
6,3,Codex,1.4622156197012632
6,3,Symbolic,1.43289520964272
6,3,Gzip,1.5509396536142819
6,4,Codex,1.3532465260551148
6,4,Symbolic,1.6764370155929407
6,4,Gzip,1.906108485477136
6,5,Codex,1.0980630034045986
6,5,Symbolic,1.436072133340167
6,5,Gzip,2.0341503488709938
6,6,Codex,1.2015765927133748
6,6,Symbolic,1.865885847780487
6,6,Gzip,1.6685538471963193
6,7,Codex,1.3766911149186623
6,7,Symbolic,1.6091981481057067
6,7,Gzip,2.1008858580256558
6,8,Codex,1.179233053438122
6,8,Symbolic,1.572180334843385
6,8,Gzip,1.9128528514049068
6,9,Codex,1.2943819428146228
6,9,Symbolic,1.4469970663782545
6,9,Gzip,1.7442482216362387
6,10,Codex,1.3274634053429337
6,10,Symbolic,1.634037185529079
6,10,Gzip,1.8416346383513442
6,11,Codex,1.1573069528421918
6,11,Symbolic,1.4809234608514672
6,11,Gzip,1.9337490368782584
6,12,Codex,1.24404746439382
6,12,Symbolic,1.5646411777574434
6,12,Gzip,1.8614008087118619
6,13,Codex,0.9258732659930927
6,13,Symbolic,1.8572101445922553
6,13,Gzip,1.9308133988669556
6,14,Codex,1.147561235866571
6,14,Symbolic,1.538472812033042
6,14,Gzip,1.7118989610380952
6,15,Codex,1.224743184860684
6,15,Symbolic,1.687912799154281
6,15,Gzip,1.8754041236054118
6,16,Codex,1.125221681803515
6,16,Symbolic,1.4656188289848935
6,16,Gzip,1.6379428254642532
6,17,Codex,1.4132411303931636
6,17,Symbolic,1.5458013811403646
6,17,Gzip,1.833316090797695
6,18,Codex,1.1069858622039368
6,18,Symbolic,1.7624960762762611
6,18,Gzip,1.7144138537802815
6,19,Codex,1.2059955513303016
6,19,Symbolic,1.474763953065468
6,19,Gzip,1.7396705086115352
6,20,Codex,1.263074057728609
6,20,Symbolic,1.7674938269596314
6,20,Gzip,2.0354139762815655
6,21,Codex,1.3941273289066116
6,21,Symbolic,1.634930232254657
6,21,Gzip,2.0136965180891404
6,22,Codex,1.106413784882056
6,22,Symbolic,1.482503986892688
6,22,Gzip,1.9413707181360766
6,23,Codex,1.3663163752154959
6,23,Symbolic,1.6258889286866625
6,23,Gzip,1.6861530852991133
6,24,Codex,1.2510233061019587
6,24,Symbolic,1.6667065339552076
6,24,Gzip,1.8025387325457798
6,25,Codex,1.151849134895205
6,25,Symbolic,1.6246171954660635
6,25,Gzip,2.0319646549968775
6,26,Codex,1.2962103474263271
6,26,Symbolic,1.3615730336131453
6,26,Gzip,1.8712575370459859
6,27,Codex,1.269905969557347
6,27,Symbolic,1.4627435389010157
6,27,Gzip,2.1978994309972544
6,28,Codex,1.1899783122841205
6,28,Symbolic,1.5202977637338195
6,28,Gzip,1.9089976759091558
6,29,Codex,1.2569802084990018
6,29,Symbolic,1.5410679885079945
6,29,Gzip,1.8788073674735049
6,30,Codex,1.211468640313824
6,30,Symbolic,1.6244806517060815
6,30,Gzip,1.8036325303696248
6,31,Codex,1.2613517345251248
6,31,Symbolic,1.5713241201119905
6,31,Gzip,1.8700311357173425
6,32,Codex,1.3162130674521046
6,32,Symbolic,1.3897586769547878
6,32,Gzip,1.8271295245429184
6,33,Codex,1.4086016816145353
6,33,Symbolic,1.5956237421207156
6,33,Gzip,1.9562163015032887
6,34,Codex,1.1262184501173151
6,34,Symbolic,1.6232702894340587
6,34,Gzip,1.9935053475191877
6,35,Codex,1.4633033374656268
6,35,Symbolic,1.6171748537517248
6,35,Gzip,1.7321015809238076
6,36,Codex,1.0547912200477498
6,36,Symbolic,1.6796936870665546
6,36,Gzip,1.6503150569663334
6,37,Codex,1.2348214904964416
6,37,Symbolic,1.6500706585458684
6,37,Gzip,1.5745691940345057
6,38,Codex,1.3088317206484577
6,38,Symbolic,1.6051016095074124
6,38,Gzip,1.9261986990368816
6,39,Codex,1.2780991867735032
6,39,Symbolic,1.5415801146249624
6,39,Gzip,1.684495009073919
6,40,Codex,1.1877300480179407
6,40,Symbolic,1.3506846879780812
6,40,Gzip,1.5270664110571277
6,41,Codex,1.2291877749642726
6,41,Symbolic,1.6015541862959104
6,41,Gzip,1.9082867906796448
6,42,Codex,1.2006999065341166
6,42,Symbolic,1.5749225224595733
6,42,Gzip,2.223949927614919
6,43,Codex,1.191063524305579
6,43,Symbolic,1.582589460463445
6,43,Gzip,1.8490893632690162
6,44,Codex,1.3349602097021025
6,44,Symbolic,1.3967901709015629
6,44,Gzip,1.9757736161677464
6,45,Codex,1.2857015485965047
6,45,Symbolic,1.4202732151510085
6,45,Gzip,1.8622744037821348
6,46,Codex,1.1807090404739347
6,46,Symbolic,1.6763783423999485
6,46,Gzip,1.8351665520213287
6,47,Codex,1.339959987543325
6,47,Symbolic,1.5452533815372014
6,47,Gzip,1.9878614724481654
6,48,Codex,1.280729952087661
6,48,Symbolic,1.631780083684715
6,48,Gzip,1.8064588183717023
6,49,Codex,1.331286211883896
6,49,Symbolic,1.5533982051356554
6,49,Gzip,1.8901088471107856
6,50,Codex,1.3129628841923613
6,50,Symbolic,1.5535707367394895
6,50,Gzip,1.8982546709294021
7,1,Codex,1.1671004989077929
7,1,Symbolic,1.6625940567171198
7,1,Gzip,1.7497864319535428
7,2,Codex,1.193981895980303
7,2,Symbolic,1.4880746326139151
7,2,Gzip,1.9988063524304784
7,3,Codex,1.3247293605123263
7,3,Symbolic,1.561534493232918
7,3,Gzip,1.8237560364956888
7,4,Codex,1.3110370265433464
7,4,Symbolic,1.494526965355395
7,4,Gzip,1.7366382260760733
7,5,Codex,1.2479098406035851
7,5,Symbolic,1.497860452708122
7,5,Gzip,1.9304764765355606
7,6,Codex,1.2617327383308783
7,6,Symbolic,1.5128993451837633
7,6,Gzip,1.7152298027313444
7,7,Codex,1.3777664895788424
7,7,Symbolic,1.5766560525960456
7,7,Gzip,1.8542271736053693
7,8,Codex,1.190842861116417
7,8,Symbolic,1.4925501654003828
7,8,Gzip,1.8486321505033696
7,9,Codex,1.3047097381170039
7,9,Symbolic,1.7006907350688225
7,9,Gzip,2.012884334874737
7,10,Codex,1.2297807347566105
7,10,Symbolic,1.4426471237336596
7,10,Gzip,1.921204734931993
7,11,Codex,1.228231879677278
7,11,Symbolic,1.527575402700637
7,11,Gzip,1.8462459561882285
7,12,Codex,1.359877685198719
7,12,Symbolic,1.497232273007099
7,12,Gzip,1.972664944880043
7,13,Codex,1.332541634898803
7,13,Symbolic,1.723637346122448
7,13,Gzip,2.058531132352597
7,14,Codex,1.3313509636000638
7,14,Symbolic,1.573586573181389
7,14,Gzip,1.9336715459527793
7,15,Codex,1.380547880715433
7,15,Symbolic,1.6738213447362362
7,15,Gzip,1.8515528929765073
7,16,Codex,1.2521003841632758
7,16,Symbolic,1.3717327552355634
7,16,Gzip,1.6532245651474762
7,17,Codex,1.3181952971294963
7,17,Symbolic,1.582046031904311
7,17,Gzip,1.6902329505386942
7,18,Codex,1.2189733243406544
7,18,Symbolic,1.6567556954748124
7,18,Gzip,1.8042162943467999
7,19,Codex,1.2824166352488442
7,19,Symbolic,1.559874078713051
7,19,Gzip,1.7585731696761076
7,20,Codex,1.2369856945632316
7,20,Symbolic,1.6778576450078422
7,20,Gzip,1.821954304552183
7,21,Codex,1.2596995964992719
7,21,Symbolic,1.4879253859879553
7,21,Gzip,1.8584974887345662
7,22,Codex,1.3095157025436914
7,22,Symbolic,1.7191216928222697
7,22,Gzip,1.9294539131535098
7,23,Codex,1.1681779316766527
7,23,Symbolic,1.8258677748343102
7,23,Gzip,1.8394251832911364
7,24,Codex,1.4592387275685461
7,24,Symbolic,1.506459372747241
7,24,Gzip,1.9229752465739303
7,25,Codex,1.1493982618500298
7,25,Symbolic,1.4965396974319074
7,25,Gzip,1.859671162221518
7,26,Codex,1.1285811387212268
7,26,Symbolic,1.7244061372541242
7,26,Gzip,1.5536800150469194
7,27,Codex,1.3658110873500067
7,27,Symbolic,1.7395486574876855
7,27,Gzip,1.709099690927187
7,28,Codex,1.3291662693962936
7,28,Symbolic,1.487256796741608
7,28,Gzip,1.8283868666417578
7,29,Codex,1.3124119817052156
7,29,Symbolic,1.499577581948497
7,29,Gzip,1.668545788573834
7,30,Codex,1.312834550926428
7,30,Symbolic,1.516185846936739
7,30,Gzip,1.9399893094994307
7,31,Codex,1.2487753227153084
7,31,Symbolic,1.3886659386758868
7,31,Gzip,2.0796126248515545
7,32,Codex,1.1602745628514168
7,32,Symbolic,1.4397617664218962
7,32,Gzip,2.0328142777545977
7,33,Codex,1.2575804558193726
7,33,Symbolic,1.429503107989752
7,33,Gzip,1.817983569360469
7,34,Codex,1.182283828848789
7,34,Symbolic,1.4578642921875047
7,34,Gzip,2.073608920527493
7,35,Codex,1.347511973341775
7,35,Symbolic,1.5458378135135864
7,35,Gzip,1.8723001185803168
7,36,Codex,1.2352942618497862
7,36,Symbolic,1.5781057679043826
7,36,Gzip,1.799437104332294
7,37,Codex,1.167450280320749
7,37,Symbolic,1.7360600591376893
7,37,Gzip,1.757989600468859
7,38,Codex,1.2178614158347008
7,38,Symbolic,1.430197515111345
7,38,Gzip,1.8046295470267808
7,39,Codex,1.2912931454275625
7,39,Symbolic,1.66811868781719
7,39,Gzip,1.7917734772188159
7,40,Codex,1.1936275447196025
7,40,Symbolic,1.524321338692939
7,40,Gzip,1.8755624333563232
7,41,Codex,1.167777960443357
7,41,Symbolic,1.5440643548417081
7,41,Gzip,1.8740860971574798
7,42,Codex,1.2743687211491912
7,42,Symbolic,1.6309783390599926
7,42,Gzip,1.8504569030230122
7,43,Codex,1.2744966571108722
7,43,Symbolic,1.4152733574125242
7,43,Gzip,1.9155407254619525
7,44,Codex,1.199305682462887
7,44,Symbolic,1.595889169542086
7,44,Gzip,2.0285969412179514
7,45,Codex,1.2028961694381677
7,45,Symbolic,1.5699742649855668
7,45,Gzip,1.9924331203161987
7,46,Codex,1.2732049937357637
7,46,Symbolic,1.609094151680978
7,46,Gzip,1.6272653047325145
7,47,Codex,1.1051915658502676
7,47,Symbolic,1.5847002372689383
7,47,Gzip,1.4669118297647068
7,48,Codex,1.1092536225623444
7,48,Symbolic,1.8446360167893072
7,48,Gzip,1.990147986685891
7,49,Codex,1.1781555778747563
7,49,Symbolic,1.4734712018898422
7,49,Gzip,1.644968195237687
7,50,Codex,1.2286552848288153
7,50,Symbolic,1.4862803653997818
7,50,Gzip,1.8162851897160976
8,1,Codex,1.2810907565598004
8,1,Symbolic,1.4752231368290283
8,1,Gzip,1.6744830460910962
8,2,Codex,1.3975356216949553
8,2,Symbolic,1.4833427457007695
8,2,Gzip,1.5797029343629971
8,3,Codex,1.335765962320202
8,3,Symbolic,1.473513544723218
8,3,Gzip,1.9312194092307182
8,4,Codex,1.2340061470036572
8,4,Symbolic,1.6926819837329063
8,4,Gzip,1.963873274045397
8,5,Codex,1.248098379209731
8,5,Symbolic,1.7204605097587826
8,5,Gzip,1.7635234398909923
8,6,Codex,1.149747063536219
8,6,Symbolic,1.4815104447500629
8,6,Gzip,1.4613436561782636
8,7,Codex,1.248148686400761
8,7,Symbolic,1.4501173312274926
8,7,Gzip,1.7680633327621278
8,8,Codex,1.2211341361079862
8,8,Symbolic,1.6065698667663686
8,8,Gzip,1.908770600810382
8,9,Codex,1.2822718560338089
8,9,Symbolic,1.4837332346862835
8,9,Gzip,1.6281632646838808
8,10,Codex,1.1672769056447676
8,10,Symbolic,1.6259518181306614
8,10,Gzip,1.8775039879668733
8,11,Codex,1.3019346514241172
8,11,Symbolic,1.574350762502156
8,11,Gzip,1.8477035226240508
8,12,Codex,1.4032738913002578
8,12,Symbolic,1.3681107062003321
8,12,Gzip,1.9368937249401634
8,13,Codex,1.2391239851543143
8,13,Symbolic,1.7357006241596074
8,13,Gzip,1.867937055262123
8,14,Codex,1.290171172209894
8,14,Symbolic,1.7655053207714626
8,14,Gzip,1.7040396588677669
8,15,Codex,1.3190143991711112
8,15,Symbolic,1.4764653571418738
8,15,Gzip,2.029485725249674
8,16,Codex,1.2098779528114163
8,16,Symbolic,1.503475812807682
8,16,Gzip,1.8262205640459546
8,17,Codex,1.2724092481810416
8,17,Symbolic,1.5843038468869886
8,17,Gzip,1.8459043190735103
8,18,Codex,1.2512592400781795
8,18,Symbolic,1.590134814798443
8,18,Gzip,1.7100098061390208
8,19,Codex,1.2597676098548831
8,19,Symbolic,1.6290253127207397
8,19,Gzip,1.7835076623212736
8,20,Codex,1.1726990216144533
8,20,Symbolic,1.791224544651962
8,20,Gzip,1.717279592895965
8,21,Codex,1.2524510174258943
8,21,Symbolic,1.5287663327007142
8,21,Gzip,1.8240580910114867
8,22,Codex,1.299799829124545
8,22,Symbolic,1.4542043306553856
8,22,Gzip,2.1067562720213515
8,23,Codex,1.3951143607795042
8,23,Symbolic,1.3844816926382568
8,23,Gzip,1.6442148285602967
8,24,Codex,1.3459270826085208
8,24,Symbolic,1.4622883952069698
8,24,Gzip,1.607965790318489
8,25,Codex,1.4653182457511558
8,25,Symbolic,1.5460247632551445
8,25,Gzip,2.0706755491240414
8,26,Codex,1.173265243711195
8,26,Symbolic,1.7653469436221345
8,26,Gzip,1.8186014484272202
8,27,Codex,1.3372320636720678
8,27,Symbolic,1.4878866441156595
8,27,Gzip,1.7496390892010125
8,28,Codex,1.2683342005738352
8,28,Symbolic,1.5768545541966679
8,28,Gzip,2.0059857031094115
8,29,Codex,1.4689802933217673
8,29,Symbolic,1.5480292524712698
8,29,Gzip,1.7591576690394706
8,30,Codex,1.1691701714644849
8,30,Symbolic,1.69260719281377
8,30,Gzip,2.1239014570320407
8,31,Codex,1.1660278157819224
8,31,Symbolic,1.8532318911048347
8,31,Gzip,1.9516888807008905
8,32,Codex,1.1900607354555979
8,32,Symbolic,1.4862957472495615
8,32,Gzip,1.7768132887781447
8,33,Codex,1.0376104275690192
8,33,Symbolic,1.4912672668978133
8,33,Gzip,2.1735962319898254
8,34,Codex,1.197424497831924
8,34,Symbolic,1.6752993052482887
8,34,Gzip,1.7591427615494992
8,35,Codex,1.1740867338446301
8,35,Symbolic,1.6318269787551574
8,35,Gzip,1.9613143058013962
8,36,Codex,1.2650393786476208
8,36,Symbolic,1.771604879088324
8,36,Gzip,1.894893887060974
8,37,Codex,1.284175597577716
8,37,Symbolic,1.6200713822391157
8,37,Gzip,2.0452611934098197
8,38,Codex,1.4376170839215887
8,38,Symbolic,1.506884949105553
8,38,Gzip,2.084226679509028
8,39,Codex,1.345042383818605
8,39,Symbolic,1.6208785796830771
8,39,Gzip,1.854800622359865
8,40,Codex,1.1923096344337596
8,40,Symbolic,1.683044429669949
8,40,Gzip,1.7369873194480725
8,41,Codex,1.1601585328651642
8,41,Symbolic,1.6484578617436838
8,41,Gzip,1.9189958214408676
8,42,Codex,1.2991919171506505
8,42,Symbolic,1.6108728837328758
8,42,Gzip,1.7483426945371843
8,43,Codex,1.1179766792979358
8,43,Symbolic,1.6780009627506984
8,43,Gzip,2.1520080871289937
8,44,Codex,1.4331458765854355
8,44,Symbolic,1.6903154708534807
8,44,Gzip,1.8704802996624108
8,45,Codex,1.3679440120721287
8,45,Symbolic,1.7158590789245034
8,45,Gzip,1.7952017673031837
8,46,Codex,1.2030824347895295
8,46,Symbolic,1.6278451865107573
8,46,Gzip,1.8777020458797364
8,47,Codex,1.0786865470909122
8,47,Symbolic,1.5299458303619775
8,47,Gzip,1.6479310565705456
8,48,Codex,1.3853872374165412
8,48,Symbolic,1.5676056423719988
8,48,Gzip,1.7042578942234023
8,49,Codex,1.2385460154747383
8,49,Symbolic,1.694781075981003
8,49,Gzip,2.030062086191664
8,50,Codex,1.373781631197346
8,50,Symbolic,1.4519677194815317
8,50,Gzip,1.7514658581542908
9,1,Codex,1.0905572341205634
9,1,Symbolic,1.594240797064748
9,1,Gzip,1.6929633525977092
9,2,Codex,1.1900624977046228
9,2,Symbolic,1.5027993425207167
9,2,Gzip,1.9304979128790931
9,3,Codex,1.2505243699718183
9,3,Symbolic,1.5534493787521781
9,3,Gzip,2.0278556231994496
9,4,Codex,1.2546980593764743
9,4,Symbolic,1.703414223512876
9,4,Gzip,1.9578429965997601
9,5,Codex,1.2049934528520756
9,5,Symbolic,1.5729318881623884
9,5,Gzip,1.9994071528708726
9,6,Codex,1.3122849932347498
9,6,Symbolic,1.5555723857787378
9,6,Gzip,1.736480736714581
9,7,Codex,1.1432379570617406
9,7,Symbolic,1.3868172630824098
9,7,Gzip,1.6367283999887234
9,8,Codex,1.2357620514978707
9,8,Symbolic,1.6395504279232664
9,8,Gzip,2.0752000477933232
9,9,Codex,1.26202956317119
9,9,Symbolic,1.6274581017369292
9,9,Gzip,1.8015980241736798
9,10,Codex,1.3014438834058748
9,10,Symbolic,1.8095905667966552
9,10,Gzip,1.812375047531743
9,11,Codex,1.3211614878088889
9,11,Symbolic,1.51306661180564
9,11,Gzip,2.049229121277359
9,12,Codex,1.1375357908162131
9,12,Symbolic,1.5762980393196728
9,12,Gzip,1.933434501410099
9,13,Codex,1.0965885829264377
9,13,Symbolic,1.5799260420452907
9,13,Gzip,1.9183831658122412
9,14,Codex,1.3777676821898508
9,14,Symbolic,1.739294393571617
9,14,Gzip,2.1747503517351627
9,15,Codex,1.283231401197959
9,15,Symbolic,1.5385645361135658
9,15,Gzip,1.7534722654429786
9,16,Codex,1.1751513463443446
9,16,Symbolic,1.5834825830924408
9,16,Gzip,1.9891760192121857
9,17,Codex,1.4051151975522522
9,17,Symbolic,1.6229475811659848
9,17,Gzip,1.8585519687345629
9,18,Codex,1.261567463429286
9,18,Symbolic,1.572393094778763
9,18,Gzip,1.8902888418294885
9,19,Codex,1.3679297184063826
9,19,Symbolic,1.4964279662539366
9,19,Gzip,2.0792702639618796
9,20,Codex,1.256751848141011
9,20,Symbolic,1.573290799147797
9,20,Gzip,1.9261753634434435
9,21,Codex,1.4560747924881987
9,21,Symbolic,1.6788358099831726
9,21,Gzip,1.930744411857445
9,22,Codex,1.4255340842443205
9,22,Symbolic,1.4268181640706727
9,22,Gzip,2.0108761005964704
9,23,Codex,1.2251035851520926
9,23,Symbolic,1.5659563608976252
9,23,Gzip,1.7952570905685672
9,24,Codex,1.3471570950954355
9,24,Symbolic,1.4659855022072992
9,24,Gzip,1.7241185498991491
9,25,Codex,1.3145375949585147
9,25,Symbolic,1.6934055954709812
9,25,Gzip,1.693278620896845
9,26,Codex,1.386863155753235
9,26,Symbolic,1.3672175714259471
9,26,Gzip,1.5550465115935999
9,27,Codex,1.1535076539419895
9,27,Symbolic,1.4829293783274093
9,27,Gzip,2.1584310694910482
9,28,Codex,1.318605145999844
9,28,Symbolic,1.5952654250077425
9,28,Gzip,1.6845187451417476
9,29,Codex,1.3558424486849587
9,29,Symbolic,1.737862883508121
9,29,Gzip,1.8168119564621343
9,30,Codex,1.0741260513576885
9,30,Symbolic,1.5421099686712416
9,30,Gzip,1.808478005016662
9,31,Codex,1.1316741487334225
9,31,Symbolic,1.4833760567968162
9,31,Gzip,1.8961110046713652
9,32,Codex,1.0460767822239898
9,32,Symbolic,1.7757388483328709
9,32,Gzip,1.9723605818808947
9,33,Codex,1.2230593165555441
9,33,Symbolic,1.3762383319500509
9,33,Gzip,1.979071023253962
9,34,Codex,1.3217542255795962
9,34,Symbolic,1.2861432852055903
9,34,Gzip,1.7625383842146594
9,35,Codex,1.4002357052096028
9,35,Symbolic,1.6028017340064
9,35,Gzip,1.8249317429320384
9,36,Codex,1.2574094780419776
9,36,Symbolic,1.4897534930776868
9,36,Gzip,1.892386992573245
9,37,Codex,1.4128615545571293
9,37,Symbolic,1.4274520619443145
9,37,Gzip,1.812696331072468
9,38,Codex,1.111989854178511
9,38,Symbolic,1.6350027736759225
9,38,Gzip,2.091101836402999
9,39,Codex,1.0796617560644846
9,39,Symbolic,1.579256085652544
9,39,Gzip,1.9236462427457377
9,40,Codex,1.2444452301103381
9,40,Symbolic,1.4823105643115926
9,40,Gzip,1.9602316679074727
9,41,Codex,1.2884065448939308
9,41,Symbolic,1.3963634721594926
9,41,Gzip,1.949432190300112
9,42,Codex,1.2467305251905907
9,42,Symbolic,1.6546948793936174
9,42,Gzip,2.026021078622799
9,43,Codex,1.0432557899960124
9,43,Symbolic,1.6280241413550394
9,43,Gzip,1.877153233805556
9,44,Codex,1.241087996048721
9,44,Symbolic,1.5380988963464741
9,44,Gzip,1.655475207806623
9,45,Codex,1.1195530499495148
9,45,Symbolic,1.77159643952572
9,45,Gzip,1.9099531927628963
9,46,Codex,1.3169672548830038
9,46,Symbolic,1.4215898280408616
9,46,Gzip,1.7522964659312257
9,47,Codex,1.2866598246096848
9,47,Symbolic,1.3669369794890314
9,47,Gzip,1.7707074977375366
9,48,Codex,1.1560120213672644
9,48,Symbolic,1.4669710316142508
9,48,Gzip,1.9379546028132641
9,49,Codex,1.1986133082663306
9,49,Symbolic,1.5445296780373403
9,49,Gzip,2.0357424607150456
9,50,Codex,1.144078647811105
9,50,Symbolic,1.579200733918723
9,50,Gzip,1.8531907365104094
10,1,Codex,1.2437320902726827
10,1,Symbolic,1.5210516730572405
10,1,Gzip,1.8963249518898446
10,2,Codex,1.3455142320501239
10,2,Symbolic,1.5922466475817156
10,2,Gzip,2.1053322416952858
10,3,Codex,1.1514273953664456
10,3,Symbolic,1.3998152690971468
10,3,Gzip,1.8861129769232854
10,4,Codex,1.3004046515517844
10,4,Symbolic,1.7232517524887911
10,4,Gzip,2.240252467127059
10,5,Codex,1.196974238162756
10,5,Symbolic,1.5401418585928919
10,5,Gzip,1.9348264468447316
10,6,Codex,1.1707127167737656
10,6,Symbolic,1.6840754997905754
10,6,Gzip,1.5858855861266274
10,7,Codex,1.2392969640045441
10,7,Symbolic,1.5911270415653245
10,7,Gzip,1.96300124316568
10,8,Codex,1.1464757677580626
10,8,Symbolic,1.6048103862984542
10,8,Gzip,1.9071737577324168
10,9,Codex,1.1946350694652819
10,9,Symbolic,1.6183720736278646
10,9,Gzip,2.043462913112412
10,10,Codex,1.1302122107411152
10,10,Symbolic,1.6037250272020778
10,10,Gzip,1.950977202690494
10,11,Codex,1.446472513291639
10,11,Symbolic,1.6271267311841053
10,11,Gzip,1.829231602402434
10,12,Codex,1.253526355197173
10,12,Symbolic,1.7094983036158917
10,12,Gzip,1.6663552645565953
10,13,Codex,1.1800274492007414
10,13,Symbolic,1.5735825403641766
10,13,Gzip,1.8186465114070962
10,14,Codex,1.271397991073422
10,14,Symbolic,1.6350804509106216
10,14,Gzip,1.7224219318686051
10,15,Codex,1.238767195030917
10,15,Symbolic,1.539231716685533
10,15,Gzip,1.7629214825292916
10,16,Codex,1.2279030400466777
10,16,Symbolic,1.7228140658539368
10,16,Gzip,1.9382867606630916
10,17,Codex,1.3114166700043426
10,17,Symbolic,1.4688329237528877
10,17,Gzip,2.100485675652711
10,18,Codex,1.3257507710047305
10,18,Symbolic,1.766112851949298
10,18,Gzip,1.9092007294734472
10,19,Codex,1.1969498852389473
10,19,Symbolic,1.545181045922679
10,19,Gzip,1.6706175406947223
10,20,Codex,1.192418175935532
10,20,Symbolic,1.3783069877458343
10,20,Gzip,1.9166904002330212
10,21,Codex,1.2224948302848355
10,21,Symbolic,1.5653725297892949
10,21,Gzip,2.029494722996848
10,22,Codex,1.0198078835264415
10,22,Symbolic,1.4682738011030143
10,22,Gzip,1.7585325643520928
10,23,Codex,1.0984808937801447
10,23,Symbolic,1.6508772258786468
10,23,Gzip,1.8298974249990625
10,24,Codex,1.3866874267444524
10,24,Symbolic,1.471685122483713
10,24,Gzip,1.8522032292093797
10,25,Codex,1.4144967713501284
10,25,Symbolic,1.4964579880142266
10,25,Gzip,1.732265253037664
10,26,Codex,1.2250963960443622
10,26,Symbolic,1.3232551122865364
10,26,Gzip,1.947242065076579
10,27,Codex,1.3076556963055765
10,27,Symbolic,1.495723241690111
10,27,Gzip,1.831857777708833
10,28,Codex,1.2811250154543536
10,28,Symbolic,1.2591344808045253
10,28,Gzip,1.9129298665860544
10,29,Codex,1.5578880808455238
10,29,Symbolic,1.3599316611817132
10,29,Gzip,1.7168761733296851
10,30,Codex,1.3619574911434578
10,30,Symbolic,1.6412497587373158
10,30,Gzip,1.7843812549514886
10,31,Codex,1.2372082408519234
10,31,Symbolic,1.6442960190381
10,31,Gzip,1.9583572036741659
10,32,Codex,1.1544459559399574
10,32,Symbolic,1.6010549074141958
10,32,Gzip,1.7940750271862351
10,33,Codex,1.0893553679742427
10,33,Symbolic,1.4339628628244945
10,33,Gzip,2.109044577685011
10,34,Codex,1.2703463635867223
10,34,Symbolic,1.5442746372629625
10,34,Gzip,1.7900545721578098
10,35,Codex,1.1743649254715696
10,35,Symbolic,1.5495676953091317
10,35,Gzip,1.883702708862783
10,36,Codex,1.1077746290402326
10,36,Symbolic,1.410996237296895
10,36,Gzip,1.9898886247809635
10,37,Codex,1.1853427115757473
10,37,Symbolic,1.730407796212058
10,37,Gzip,1.6372451400600454
10,38,Codex,1.1418451996385606
10,38,Symbolic,1.6552834748690806
10,38,Gzip,1.5858786782028838
10,39,Codex,1.4187141635072564
10,39,Symbolic,1.5234842991404405
10,39,Gzip,1.621151552814486
10,40,Codex,1.338163975694945
10,40,Symbolic,1.5532263006793436
10,40,Gzip,2.0393876155140775
10,41,Codex,1.2492027358683382
10,41,Symbolic,1.5750059369537064
10,41,Gzip,1.7672212781161332
10,42,Codex,1.3979944138890026
10,42,Symbolic,1.3049918157890852
10,42,Gzip,2.233729892850238
10,43,Codex,1.2577368307647618
10,43,Symbolic,1.5203387140975284
10,43,Gzip,1.7653628602013918
10,44,Codex,1.1638715798671737
10,44,Symbolic,1.4681618902402642
10,44,Gzip,1.8776826954795556
10,45,Codex,1.4023124077269657
10,45,Symbolic,1.4298055988126102
10,45,Gzip,2.0813164928851813
10,46,Codex,1.303891004368466
10,46,Symbolic,1.5162679648536854
10,46,Gzip,2.1509139332238685
10,47,Codex,1.1462753845673543
10,47,Symbolic,1.7657223832219429
10,47,Gzip,2.15922553649546
10,48,Codex,1.2309661321916392
10,48,Symbolic,1.6269011433520413
10,48,Gzip,2.031254934588971
10,49,Codex,1.1624381746615242
10,49,Symbolic,1.4814585212260645
10,49,Gzip,2.0036093788717193
10,50,Codex,1.1117200269035663
10,50,Symbolic,1.618709933762739
10,50,Gzip,1.9388790423801776
